{"cameraMode":{"drawMode":0,"name":"Shaded","section":"Shading Mode"},"sceneLighting":false,"audioPlay":false,"sceneViewState":{"m_AlwaysRefresh":false,"showFog":true,"showSkybox":false,"showFlares":true,"showImageEffects":true,"showParticleSystems":true,"showVisualEffectGraphs":true,"m_FxEnabled":true},"in2DMode":false,"pivot":{"x":-0.0005947286263108254,"y":0.020827574655413629,"z":0.0031448155641555788},"rotation":{"x":0.2897741496562958,"y":-0.3164714574813843,"z":0.10216602683067322,"w":0.8974694013595581},"size":0.2519915997982025,"orthographic":false}